<keymap version="1" name="Eclipse (Mac OS X) copy" parent="Eclipse (Mac OS X)">
  <action id="$LRU">
    <keyboard-shortcut first-keystroke="ctrl alt o" />
  </action>
  <action id="ActivateFavoritesToolWindow">
    <keyboard-shortcut first-keystroke="meta 2" />
  </action>
  <action id="ActivateTerminalToolWindow">
    <keyboard-shortcut first-keystroke="alt f12" />
    <keyboard-shortcut first-keystroke="meta 3" />
  </action>
  <action id="AutoIndentLines" />
  <action id="CloseAllEditors" />
  <action id="CloseAllEditorsButActive">
    <keyboard-shortcut first-keystroke="shift meta w" />
  </action>
  <action id="CollapseAll">
    <keyboard-shortcut first-keystroke="meta subtract" />
  </action>
  <action id="CollapseAllRegions">
    <keyboard-shortcut first-keystroke="shift meta minus" />
  </action>
  <action id="CollapseRegion">
    <keyboard-shortcut first-keystroke="meta minus" />
  </action>
  <action id="CompileProject">
    <keyboard-shortcut first-keystroke="shift meta b" />
  </action>
  <action id="Console.Execute.Multiline" />
  <action id="Console.TableResult.EditValue">
    <keyboard-shortcut first-keystroke="enter" />
  </action>
  <action id="Console.TableResult.PreviousPage" />
  <action id="Console.TableResult.SetNull" />
  <action id="Console.TableResult.SubmitAddedRow" />
  <action id="DatabaseView.PropertiesAction" />
  <action id="DebugClass" />
  <action id="DuplicatesForm.SendToRight" />
  <action id="Editor LRU">
    <keyboard-shortcut first-keystroke="ctrl alt o" />
  </action>
  <action id="EditorChooseLookupItemCompleteStatement" />
  <action id="EditorDeleteToLineStart">
    <keyboard-shortcut first-keystroke="shift meta back_space" />
  </action>
  <action id="EditorRight">
    <keyboard-shortcut first-keystroke="right" />
  </action>
  <action id="EvaluateExpression" />
  <action id="ExpandAllRegions">
    <keyboard-shortcut first-keystroke="shift meta equals" />
  </action>
  <action id="ExpandRegion">
    <keyboard-shortcut first-keystroke="meta equals" />
  </action>
  <action id="ExportToTextFile" />
  <action id="ExternalSystem.CollapseAll">
    <keyboard-shortcut first-keystroke="meta subtract" />
  </action>
  <action id="FileChooser.GotoModule" />
  <action id="FileChooser.GotoProject" />
  <action id="Git.New.Branch.In.Log" />
  <action id="GitNewBranchAction" />
  <action id="GotoAction" />
  <action id="GotoChangedFile" />
  <action id="GotoClass" />
  <action id="GotoDeclaration">
    <keyboard-shortcut first-keystroke="f3" />
    <mouse-shortcut keystroke="meta button1" />
    <keyboard-shortcut first-keystroke="shift meta i" />
  </action>
  <action id="GotoImplementation">
    <keyboard-shortcut first-keystroke="meta i" />
  </action>
  <action id="GotoTest">
    <keyboard-shortcut first-keystroke="meta t" />
  </action>
  <action id="Images.Editor.ZoomOut">
    <keyboard-shortcut first-keystroke="meta subtract" />
  </action>
  <action id="IpnbAddCellAboveAction" />
  <action id="IpnbRunCellInplaceAction" />
  <action id="Jdbc.RunQueryInConsole" />
  <action id="Maven.CollapseAll">
    <keyboard-shortcut first-keystroke="meta subtract" />
  </action>
  <action id="Maven.Reimport">
    <keyboard-shortcut first-keystroke="shift ctrl i" />
  </action>
  <action id="OpenFile">
    <keyboard-shortcut first-keystroke="ctrl o" />
  </action>
  <action id="OverrideMethods">
    <keyboard-shortcut first-keystroke="shift alt o" />
  </action>
  <action id="RenameElement">
    <keyboard-shortcut first-keystroke="f2" />
  </action>
  <action id="Replace">
    <keyboard-shortcut first-keystroke="meta f" />
  </action>
  <action id="ReplaceInPath">
    <keyboard-shortcut first-keystroke="ctrl f" />
  </action>
  <action id="ResourceExplorer.show" />
  <action id="RunClass" />
  <action id="SwitchApply">
    <keyboard-shortcut first-keystroke="ctrl alt enter" />
  </action>
  <action id="SwitchDown">
    <keyboard-shortcut first-keystroke="ctrl alt down" />
  </action>
  <action id="SwitchLeft">
    <keyboard-shortcut first-keystroke="ctrl alt left" />
  </action>
  <action id="SwitchRight">
    <keyboard-shortcut first-keystroke="ctrl alt right" />
  </action>
  <action id="SwitchUp">
    <keyboard-shortcut first-keystroke="ctrl alt up" />
  </action>
  <action id="ToggleLineBreakpoint" />
  <action id="Vcs.Push" />
  <action id="XDebugger.Inspect" />
  <action id="hg4idea.QFold" />
</keymap>