<application>
  <component name="FileTypeManager" version="19">
    <extensionMap>
      <mapping pattern="data" type="AUTO_DETECTED" />
      <mapping pattern="__schema__" type="AUTO_DETECTED" />
      <mapping pattern="itemDetail2" type="AUTO_DETECTED" />
      <mapping pattern="README" type="AUTO_DETECTED" />
      <mapping ext="flt" type="FTL" />
      <mapping ext="gradle.kts" type="Kotlin" />
      <mapping ext="main.kts" type="Kotlin" />
      <mapping ext="q" type="OdpsQL" />
      <mapping ext="odpsql" type="OdpsQL" />
      <mapping ext="sql" type="OdpsQL" />
      <mapping ext="ddl" type="OdpsQL" />
      <mapping ext="php" type="PHP" />
      <mapping pattern="技术栈指南.md" type="PLAIN_TEXT" />
      <mapping ext="example" type="PLAIN_TEXT" />
      <mapping ext="cer" type="PLAIN_TEXT" />
      <mapping ext="pri" type="PLAIN_TEXT" />
      <mapping ext="pem" type="PLAIN_TEXT" />
      <mapping ext="text" type="PLAIN_TEXT" />
      <mapping ext="me" type="PLAIN_TEXT" />
      <mapping ext="dict" type="PLAIN_TEXT" />
      <removed_mapping ext="apk" approved="true" type="ARCHIVE" />
      <removed_mapping ext="ddl" approved="true" type="SQL" />
      <removed_mapping ext="psd" approved="true" type="Image" />
      <removed_mapping ext="sql" approved="true" type="SQL" />
      <mapping ext="php" type="PHP" />
      <mapping pattern=".gitignore_global" type="Git file" />
    </extensionMap>
  </component>
</application>