<application>
  <component name="ProjectManager">
    <defaultProject>
      <component name="Encoding">
        <file url="PROJECT" charset="UTF-8" />
      </component>
      <component name="InspectionProjectProfileManager">
        <profile version="1.0">
          <option name="myName" value="Project Default" />
        </profile>
        <version value="1.0" />
      </component>
      <component name="ProjectRootManager" version="2" languageLevel="JDK_1_8" project-jdk-name="JDK_1.8" project-jdk-type="JavaSDK" />
      <component name="PropertiesComponent">
        <property name="nodejs_interpreter_path.stuck_in_default_project" value="$USER_HOME$/.nvm/versions/node/v7.10.0/bin/node" />
        <property name="nodejs_npm_path_reset_for_default_project" value="true" />
        <property name="project.structure.last.edited" value="Project" />
        <property name="project.structure.proportion" value="0.15" />
        <property name="project.structure.side.proportion" value="0.20242915" />
        <property name="settings.editor.selected.configurable" value="com.zeroturnaround.javarebel.idea.plugin.settings.startup.StartupConfigurable" />
      </component>
      <component name="RunManager">
        <configuration default="true" type="Application" factoryName="Application">
          <option name="WORKING_DIRECTORY" value="$PROJECT_DIR$" />
          <method v="2">
            <option name="Make" enabled="true" />
          </method>
        </configuration>
        <configuration default="true" type="JUnit" factoryName="JUnit">
          <option name="TEST_OBJECT" value="class" />
          <option name="WORKING_DIRECTORY" value="$MODULE_DIR$" />
          <method v="2">
            <option name="Make" enabled="true" />
          </method>
        </configuration>
      </component>
      <component name="masterDetails">
        <states>
          <state key="GlobalLibrariesConfigurable.UI">
            <settings>
              <splitter-proportions>
                <option name="proportions">
                  <list>
                    <option value="0.20242915" />
                  </list>
                </option>
              </splitter-proportions>
            </settings>
          </state>
          <state key="JdkListConfigurable.UI">
            <settings>
              <last-edited>JDK_1.8</last-edited>
              <splitter-proportions>
                <option name="proportions">
                  <list>
                    <option value="0.20242915" />
                  </list>
                </option>
              </splitter-proportions>
            </settings>
          </state>
          <state key="ProjectJDKs.UI">
            <settings>
              <last-edited>JDK_1.8</last-edited>
              <splitter-proportions>
                <option name="proportions">
                  <list>
                    <option value="0.2" />
                  </list>
                </option>
              </splitter-proportions>
            </settings>
          </state>
          <state key="ProjectLibrariesConfigurable.UI">
            <settings>
              <splitter-proportions>
                <option name="proportions">
                  <list>
                    <option value="0.20242915" />
                  </list>
                </option>
              </splitter-proportions>
            </settings>
          </state>
        </states>
      </component>
    </defaultProject>
  </component>
</application>