<application>
  <component name="ThubPluginSettings">
    <option name="userId" value="299004" />
    <option name="hostname" value="L-MC9VMWCVMJ" />
    <option name="lastPluginUpdateCheckTime" value="1741653220334" />
    <exceptionKeyword>
      <entry key="cmms init fail with error code" value="https://yuque.antfin.com/luihud/nm9256/akxx2f#RDhTX" />
      <entry key="com.taobao.biz.common.division.DivisionException" value="https://yuque.antfin.com/luihud/nm9256/akxx2f#Vv55n" />
      <entry key="not make out directory" value="https://yuque.antfin.com/luihud/nm9256/akxx2f#iaY71" />
      <entry key="spring management port is not safe" value="https://yuque.antfin.com/luihud/nm9256/akxx2f#BPN7S" />
      <entry key="您的配置文件需要被更新" value="https://yuque.antfin.com/luihud/nm9256/akxx2f#GoU2c" />
    </exceptionKeyword>
    <eagleLogFilter>
      <entry key="4" />
      <entry key="5" />
    </eagleLogFilter>
  </component>
</application>