<application>
  <component name="DependencyUISettings">
    <option name="SCOPE_TYPE" value="file" />
  </component>
  <component name="UISettings">
    <option name="DISABLE_MNEMONICS" value="false" />
    <option name="EDITOR_TAB_LIMIT" value="20" />
    <option name="HIDE_KNOWN_EXTENSION_IN_TABS" value="true" />
    <option name="MERGE_EQUAL_STACKTRACES" value="false" />
    <option name="OPEN_TABS_AT_THE_END" value="true" />
    <option name="SCROLL_TAB_LAYOUT_IN_EDITOR" value="false" />
    <option name="SHOW_CLOSE_BUTTON" value="false" />
    <option name="SHOW_PINNED_TABS_IN_A_SEPARATE_ROW" value="true" />
    <option name="showTreeIndentGuides" value="true" />
    <option name="SORT_LOOKUP_ELEMENTS_LEXICOGRAPHICALLY" value="true" />
  </component>
</application>