<application>
  <component name="UpdatesConfigurable">
    <ignoredBuildNumbers>
      <item value="203.6682.168" />
      <item value="203.8084.24" />
      <item value="203.7717.56" />
      <item value="203.7148.57" />
      <item value="222.3345.118" />
      <item value="221.6008.13" />
      <item value="221.5921.22" />
    </ignoredBuildNumbers>
    <option name="LAST_BUILD_CHECKED" value="IU-241.19416.15" />
    <option name="LAST_TIME_CHECKED" value="1741653069559" />
    <option name="OBSOLETE_CUSTOM_REPOSITORIES_CLEAN_NEEDED" value="false" />
    <pluginHosts>
      <item value="https://ide.alibaba-inc.com/idea/plugins/list" />
    </pluginHosts>
    <option name="THIRD_PARTY_PLUGINS_ALLOWED" value="true" />
    <option name="WHATS_NEW_SHOWN_FOR" value="231" />
  </component>
</application>