<application>
  <component name="MavenWrapperMapping">
    <option name="mapping">
      <map>
        <entry key="https://repo.maven.apache.org/maven2/org/apache/maven/apache-maven/3.5.0/apache-maven-3.5.0-bin.zip" value="$USER_HOME$/.m2/wrapper/dists/apache-maven-3.5.0-bin/41fid7v7pkds7ona56u7ghqi0v/apache-maven-3.5.0" />
        <entry key="https://repo.maven.apache.org/maven2/org/apache/maven/apache-maven/3.8.7/apache-maven-3.8.7-bin.zip" value="$USER_HOME$/.m2/wrapper/dists/apache-maven-3.8.7-bin/1ktonn2lleg549uah6ngl1r74r/apache-maven-3.8.7" />
      </map>
    </option>
  </component>
</application>